"Order","Filename","Category"
1,"death_029.jpeg","death"
2,"negative_031.jpeg","negative"
3,"neutral_088.jpeg","neutral"
4,"death_039.jpeg","death"
5,"negative_032.jpeg","negative"
6,"neutral_032.jpeg","neutral"
7,"neutral_001.jpeg","neutral"
8,"death_015.jpeg","death"
9,"negative_020.jpeg","negative"
10,"neutral_016.jpeg","neutral"
11,"death_007.jpeg","death"
12,"neutral_067.jpeg","neutral"
13,"negative_008.jpeg","negative"
14,"death_022.jpeg","death"
15,"death_025.jpeg","death"
16,"death_028.jpeg","death"
17,"death_041.jpeg","death"
18,"neutral_008.jpeg","neutral"
19,"negative_024.jpeg","negative"
20,"neutral_005.jpeg","neutral"
21,"neutral_054.jpeg","neutral"
22,"death_018.jpeg","death"
23,"negative_045.jpeg","negative"
24,"death_009.jpeg","death"
25,"neutral_051.jpeg","neutral"
26,"negative_018.jpeg","negative"
27,"death_010.jpeg","death"
28,"neutral_011.jpeg","neutral"
29,"negative_006.jpeg","negative"
30,"negative_015.jpeg","negative"
31,"neutral_029.jpeg","neutral"
32,"negative_042.jpeg","negative"
33,"negative_040.jpeg","negative"
34,"neutral_012.jpeg","neutral"
35,"negative_009.jpeg","negative"
36,"death_012.jpeg","death"
37,"neutral_030.jpeg","neutral"
38,"neutral_004.jpeg","neutral"
39,"death_027.jpeg","death"
40,"negative_026.jpeg","negative"
41,"neutral_058.jpeg","neutral"
42,"death_038.jpeg","death"
43,"negative_001.jpeg","negative"
44,"neutral_026.jpeg","neutral"
45,"neutral_084.jpeg","neutral"
46,"negative_007.jpeg","negative"
47,"death_003.jpeg","death"
48,"neutral_065.jpeg","neutral"
49,"neutral_072.jpeg","neutral"
50,"negative_036.jpeg","negative"
51,"neutral_039.jpeg","neutral"
52,"negative_038.jpeg","negative"
53,"death_021.jpeg","death"
54,"neutral_057.jpeg","neutral"
55,"death_037.jpeg","death"
56,"death_023.jpeg","death"
57,"negative_021.jpeg","negative"
58,"neutral_081.jpeg","neutral"
59,"death_002.jpeg","death"
60,"neutral_089.jpeg","neutral"
61,"neutral_090.jpeg","neutral"
62,"negative_002.jpeg","negative"
63,"negative_013.jpeg","negative"
64,"death_042.jpeg","death"
65,"negative_017.jpeg","negative"
66,"neutral_080.jpeg","neutral"
67,"negative_014.jpeg","negative"
68,"death_001.jpeg","death"
69,"neutral_018.jpeg","neutral"
70,"neutral_077.jpeg","neutral"
71,"neutral_063.jpeg","neutral"
72,"death_024.jpeg","death"
73,"death_020.jpeg","death"
74,"death_034.jpeg","death"
75,"neutral_033.jpeg","neutral"
76,"negative_044.jpeg","negative"
77,"death_045.jpeg","death"
78,"neutral_064.jpeg","neutral"
79,"negative_010.jpeg","negative"
80,"negative_012.jpeg","negative"
81,"death_030.jpeg","death"
82,"negative_033.jpeg","negative"
83,"death_016.jpeg","death"
84,"negative_023.jpeg","negative"
85,"neutral_056.jpeg","neutral"
86,"neutral_009.jpeg","neutral"
87,"negative_029.jpeg","negative"
88,"death_040.jpeg","death"
89,"death_036.jpeg","death"
90,"neutral_028.jpeg","neutral"
91,"negative_016.jpeg","negative"
92,"negative_041.jpeg","negative"
93,"neutral_013.jpeg","neutral"
94,"neutral_070.jpeg","neutral"
95,"death_004.jpeg","death"
96,"neutral_069.jpeg","neutral"
97,"negative_028.jpeg","negative"
98,"death_008.jpeg","death"
99,"neutral_041.jpeg","neutral"
100,"negative_005.jpeg","negative"
101,"neutral_027.jpeg","neutral"
102,"neutral_062.jpeg","neutral"
103,"negative_025.jpeg","negative"
104,"death_026.jpeg","death"
105,"neutral_043.jpeg","neutral"
106,"negative_039.jpeg","negative"
107,"death_005.jpeg","death"
108,"negative_035.jpeg","negative"
109,"death_019.jpeg","death"
110,"neutral_025.jpeg","neutral"
111,"neutral_021.jpeg","neutral"
112,"death_035.jpeg","death"
113,"death_044.jpeg","death"
114,"neutral_055.jpeg","neutral"
115,"negative_022.jpeg","negative"
116,"death_033.jpeg","death"
117,"death_031.jpeg","death"
118,"negative_037.jpeg","negative"
119,"neutral_052.jpeg","neutral"
120,"negative_011.jpeg","negative"
121,"neutral_047.jpeg","neutral"
122,"death_032.jpeg","death"
123,"neutral_074.jpeg","neutral"
124,"neutral_073.jpeg","neutral"
125,"neutral_037.jpeg","neutral"
126,"neutral_086.jpeg","neutral"
127,"neutral_022.jpeg","neutral"
128,"neutral_068.jpeg","neutral"
129,"neutral_053.jpeg","neutral"
130,"neutral_024.jpeg","neutral"
131,"neutral_061.jpeg","neutral"
132,"negative_003.jpeg","negative"
133,"negative_004.jpeg","negative"
134,"death_043.jpeg","death"
135,"neutral_071.jpeg","neutral"
136,"death_013.jpeg","death"
137,"neutral_078.jpeg","neutral"
138,"neutral_042.jpeg","neutral"
139,"neutral_082.jpeg","neutral"
140,"neutral_040.jpeg","neutral"
141,"neutral_046.jpeg","neutral"
142,"death_006.jpeg","death"
143,"neutral_066.jpeg","neutral"
144,"death_011.jpeg","death"
145,"neutral_050.jpeg","neutral"
146,"negative_043.jpeg","negative"
147,"neutral_075.jpeg","neutral"
148,"negative_027.jpeg","negative"
149,"neutral_076.jpeg","neutral"
150,"neutral_015.jpeg","neutral"
151,"neutral_017.jpeg","neutral"
152,"neutral_020.jpeg","neutral"
153,"negative_019.jpeg","negative"
154,"neutral_085.jpeg","neutral"
155,"death_017.jpeg","death"
156,"neutral_083.jpeg","neutral"
157,"death_014.jpeg","death"
158,"neutral_034.jpeg","neutral"
159,"negative_034.jpeg","negative"
160,"negative_030.jpeg","negative"
161,"neutral_087.jpeg","neutral"
162,"neutral_079.jpeg","neutral"
163,"neutral_023.jpeg","neutral"
164,"neutral_031.jpeg","neutral"
165,"neutral_060.jpeg","neutral"
166,"neutral_044.jpeg","neutral"
167,"neutral_010.jpeg","neutral"
168,"neutral_035.jpeg","neutral"
169,"neutral_002.jpeg","neutral"
170,"neutral_045.jpeg","neutral"
171,"neutral_014.jpeg","neutral"
172,"neutral_003.jpeg","neutral"
173,"neutral_036.jpeg","neutral"
174,"neutral_007.jpeg","neutral"
175,"neutral_048.jpeg","neutral"
176,"neutral_006.jpeg","neutral"
177,"neutral_038.jpeg","neutral"
178,"neutral_019.jpeg","neutral"
179,"neutral_059.jpeg","neutral"
180,"neutral_049.jpeg","neutral"
